{
	"pages": [ //pages数组中第一项表示应用启动页，参考：https://uniapp.dcloud.io/collocation/pages
	/* 引导页 */
		{
			"path": "pages/index/guidePage",
			// 用于设置每个页面的状态栏、导航条、标题、窗口背景色等。
			"style": {
				// 取消默认的原生导航栏
				"navigationStyle": "custom",
				"app-plus": {
					"bounce": "none" //关闭窗口回弹效果
				}
			}
		},
		{
			"path": "pages/index/index", //首页
			"style": {
				"enablePullDownRefresh":false, //开启下拉刷新
				"navigationStyle": "custom",
				"app-plus": {
					"bounce": "none", //关闭窗口回弹效果
					"subNVues": [
						{
							"id": "benefits",
							"path": "components/nvue-benefits/nvue-benefits",
							"type": "popup",
							"style": {
								"position": "absolute",
								"margin": "auto",
								"width": "100%",
								"height": "100%",
								"background": "transparent",
								"mask": "rgba(0,0,0,.6)",
								"popGesture": "none"
							}
						}
					]
				}
			}
		},
		{
			"path" : "pages/demoGame/index", //赚钱
			"style": {
				// 取消默认的原生导航栏
				// "navigationBarBackgroundColor": "#000000",
				"enablePullDownRefresh":false, //开启下拉刷新
				"navigationStyle": "custom",
				// "softinputMode": "adjustResize",
				"app-plus": {
					"bounce": "none" //关闭窗口回弹效果
				}
			}
		},
		{
			"path" : "pages/demoGame/gameList", //游戏列表
			"style": {
				"enablePullDownRefresh":false, //开启下拉刷新
				"navigationStyle": "custom",
				"app-plus": {
					"bounce": "none" //关闭窗口回弹效果
				}
			}
		},
		{
			"path" : "pages/demoGame/search", //游戏搜索
			"style": {
				"enablePullDownRefresh":false, //开启下拉刷新
				"navigationStyle": "custom",
				"app-plus": {
					"bounce": "none" //关闭窗口回弹效果
				}
			}
		},
		{
			"path" : "pages/recreation/index", //领福利
			"style": {
				// 取消默认的原生导航栏
				"enablePullDownRefresh":false, //开启下拉刷新
				"navigationStyle": "custom"
			}
		}
		,{
			"path" : "pages/mall/index", //娱乐
			"style": {
				// 取消默认的原生导航栏
				// "navigationBarBackgroundColor": "#000000",
				"navigationBarTextStyle": "white",
				"navigationStyle": "custom",
				// "softinputMode": "adjustResize",
				"app-plus": {
					"bounce": "none" //关闭窗口回弹效果
				}
			}
		}
		,{
			"path": "pages/mall/draw/index",  //试玩抽奖
			"style": {
				// 取消默认的原生导航栏
				"navigationStyle": "custom",
				"app-plus": {
					"bounce": "none"
				}
			}
		}
		,{
			"path" : "pages/my/index",  //我的
			"style": {
				// 取消默认的原生导航栏
				// "navigationBarBackgroundColor": "#000000",
				"navigationStyle": "custom",
				// "softinputMode": "adjustResize",
				"app-plus": {
					"bounce": "none" //关闭窗口回弹效果
				}
			}
		}
		,{
			"path" : "pages/my/withdrawDeposit/index",  //提现
			"style": {
				// 取消默认的原生导航栏
				// "navigationBarBackgroundColor": "#000000",
				"navigationStyle": "custom",
				// "softinputMode": "adjustResize",
				"app-plus": {
					"bounce": "none" //关闭窗口回弹效果
				}
			}
		},
		{
			"path": "pages/view/login/login", //登陆
			"style": {
				// 取消默认的原生导航栏
				"navigationStyle": "custom",
				"app-plus": {
					"bounce": "none"
				}
			}
		},
		{
			"path": "pages/view/login/phoneLogin", //手机号登录
			"style": {
				"navigationStyle": "custom",
				"app-plus": {
					"bounce": "none"
				}
			}
		},
		{
			"path": "pages/view/login/accountLogin", //账号登录
			"style": {
				"navigationStyle": "custom",
				"app-plus": {
					"bounce": "none"
				}
			}
		},
		{
			"path": "pages/view/login/register", //微信登录绑定
			"style": {
				// 取消默认的原生导航栏
				"navigationStyle": "custom",
				"app-plus": {
					"bounce": "none"
				}
			}
		},
		{
			"path" : "pages/index/message/index", //消息中心
			"style": {
				// 取消默认的原生导航栏
				"enablePullDownRefresh":false, //开启下拉刷新
				"navigationStyle": "custom",
				"app-plus": {
					"bounce": "none" //关闭窗口回弹效果
				}
			}
		},
		{
			"path" : "pages/index/message/detail", //消息详情
			"style": {
				// 取消默认的原生导航栏
				"enablePullDownRefresh":false, //开启下拉刷新
				"navigationStyle": "custom",
				"app-plus": {
					"bounce": "none" //关闭窗口回弹效果
				}
			}
		},
		{
			"path" : "pages/index/sign", //签到
			"style": {
				// 取消默认的原生导航栏
				"enablePullDownRefresh":false, //开启下拉刷新
				"navigationStyle": "custom",
				"app-plus": {
					"bounce": "none" //关闭窗口回弹效果
				}
			}
		},
		{
			"path" : "pages/index/cardCollecting/index", // 卡牌大作战
			"style": {
				// 取消默认的原生导航栏
				"enablePullDownRefresh":false, //开启下拉刷新
				"navigationStyle": "custom",
				"app-plus": {
					"bounce": "none" //关闭窗口回弹效果
				}
			}
		},
		{
			"path" : "pages/index/cardCollecting/cardRecord", // 卡牌大作战-记录
			"style": {
				// 取消默认的原生导航栏
				"enablePullDownRefresh":false, //开启下拉刷新
				"navigationStyle": "custom",
				"app-plus": {
					"bounce": "none" //关闭窗口回弹效果
				}
			}
		},
		{
			"path" : "pages/index/cardCollecting/changeCard", // 卡牌大作战-兑换
			"style": {
				// 取消默认的原生导航栏
				"enablePullDownRefresh":false, //开启下拉刷新
				"navigationStyle": "custom",
				"app-plus": {
					"bounce": "none" //关闭窗口回弹效果
				}
			}
		},
		{
			"path" : "pages/index/daily-raffle", //每日抽奖
			"style": {
				// 取消默认的原生导航栏
				"enablePullDownRefresh":false, //开启下拉刷新
				"navigationStyle": "custom",
				"app-plus": {
					"bounce": "none" //关闭窗口回弹效果
				}
			}
		},
		{
			"path" : "pages/index/daily-raffle-record", //每日抽奖
			"style": {
				// 取消默认的原生导航栏
				"enablePullDownRefresh":false, //开启下拉刷新
				"navigationStyle": "custom",
				"app-plus": {
					"bounce": "none" //关闭窗口回弹效果
				}
			}
		},
		{
			"path" : "pages/index/prizeRecord", //抽奖记录
			"style": {
				// 取消默认的原生导航栏
				"enablePullDownRefresh":false, //开启下拉刷新
				"navigationStyle": "custom",
				"app-plus": {
					"bounce": "none" //关闭窗口回弹效果
				}
			}
		},
		{
			"path" : "pages/index/newUser-benefits", //新人福利
			"style": {
				// 取消默认的原生导航栏
				"enablePullDownRefresh":false, //开启下拉刷新
				"navigationStyle": "custom",
				"app-plus": {
					"bounce": "none" //关闭窗口回弹效果
				}
			}
		},
		{
			"path" : "pages/index/playGift/index", //试玩大礼包
			"style": {
				// 取消默认的原生导航栏
				"enablePullDownRefresh":false, //开启下拉刷新
				"navigationStyle": "custom",
				"app-plus": {
					"bounce": "none" //关闭窗口回弹效果
				}
			}
		},
		{
			"path" : "pages/index/playGift/cardDetail", //试玩大礼包-开启砸蛋明细
			"style": {
				// 取消默认的原生导航栏
				"enablePullDownRefresh":false, //开启下拉刷新
				"navigationStyle": "custom",
				"app-plus": {
					"bounce": "none" //关闭窗口回弹效果
				}
			}
		},
		{
			"path" : "pages/index/playGift/buyDetail", //试玩大礼包-购买明细
			"style": {
				// 取消默认的原生导航栏
				"enablePullDownRefresh":false, //开启下拉刷新
				"navigationStyle": "custom",
				"app-plus": {
					"bounce": "none" //关闭窗口回弹效果
				}
			}
		},
		{
			"path" : "pages/demoGame/preview", //记录
			"style": {
				// 取消默认的原生导航栏
				"enablePullDownRefresh":false, //开启下拉刷新
				"navigationBarTitleText": "记录",
				"app-plus": {
					"background": "#F2F2F2",
					"bounce":"none"
				}
			}
		},
		{
			"path": "pages/view/taskDetails/taskDetails", // 任务详情
			"style": {
				// 取消默认的原生导航栏
				"navigationStyle": "custom",
				"app-plus": {
					"bounce": "none"
				}
			}
		},
		{
			"path": "pages/index/withdrawGame", // 提现的游戏
			"style": {
				// 取消默认的原生导航栏
				"navigationStyle": "custom",
				"app-plus": {
					"bounce": "none"
				}
			}
		},
		{
			"path": "pages/index/invite", // 邀请拿奖励
			"style": {
				// 取消默认的原生导航栏
				"navigationStyle": "custom",
				"app-plus": {
					"bounce": "none"
				}
			}
		},
		{
			"path": "pages/my/service", // 客服
			"style": {
				// 取消默认的原生导航栏
				"navigationStyle": "custom",
				"app-plus": {
					"bounce": "none"
				}
			}
		},
		{
			"path": "pages/my/settings/index", // 设置
			"style": {
				// 取消默认的原生导航栏
				"navigationStyle": "custom",
				"app-plus": {
					"bounce": "none"
				}
			}
		},
		{
			"path": "pages/my/settings/myInformation", // 个人资料
			"style": {
				// 取消默认的原生导航栏
				"navigationStyle": "custom",
				"app-plus": {
					"bounce": "none"
				}
			}
		},
		{
			"path": "pages/my/settings/setNickName", // 设置昵称
			"style": {
				// 取消默认的原生导航栏
				"navigationStyle": "custom",
				"app-plus": {
					"bounce": "none"
				}
			}
		},
		{
			"path": "pages/my/settings/wxBind", // 微信绑定
			"style": {
				// 取消默认的原生导航栏
				"navigationStyle": "custom",
				"app-plus": {
					"bounce": "none"
				}
			}
		},
		{
			"path": "pages/my/settings/revisePhone/index", // 手机绑定
			"style": {
				// 取消默认的原生导航栏
				"navigationStyle": "custom",
				"app-plus": {
					"bounce": "none"
				}
			}
		},
		{
			"path": "pages/my/settings/revisePhone/reviseBindPhone", // 修改绑定手机
			"style": {
				// 取消默认的原生导航栏
				"navigationStyle": "custom",
				"app-plus": {
					"bounce": "none"
				}
			}
		},
		{
			"path": "pages/my/settings/revisePhone/bindNewPhone", // 绑定新的手机号
			"style": {
				// 取消默认的原生导航栏
				"navigationStyle": "custom",
				"app-plus": {
					"bounce": "none"
				}
			}
		},
		{
			"path": "pages/my/settings/revisePhone/realName-revisePhone", // 实名验证修改绑定手机号
			"style": {
				// 取消默认的原生导航栏
				"navigationStyle": "custom",
				"app-plus": {
					"bounce": "none"
				}
			}
		},
		{
			"path": "pages/my/settings/revisePwd", // 修改密码
			"style": {
				// 取消默认的原生导航栏
				"navigationStyle": "custom",
				"app-plus": {
					"bounce": "none"
				}
			}
		},
		{
			"path": "pages/my/settings/forgetPwd",	//忘记密码
			"style": {
				"app-plus": {
					"bounce": "none", //关闭窗口回弹效果
					"titleNView": {
						"backgroundColor": "#fff",
						"titleColor": "#1C1C1C",
						"titleAlign": "left",
						"titleText": ""
					}
				}
			}
		},
		{
			"path": "pages/my/settings/address", // 管理收货地址
			"style": {
				// 取消默认的原生导航栏
				"navigationStyle": "custom",
				"app-plus": {
					"bounce": "none"
				}
			}
		},
		{
			"path": "pages/my/settings/addAddress", // 添加收货地址
			"style": {
				// 取消默认的原生导航栏
				"navigationStyle": "custom",
				"app-plus": {
					"bounce": "none"
				}
			}
		},
		{
			"path": "pages/my/settings/realName-attestation", // 实名认证
			"style": {
				// 取消默认的原生导航栏
				"navigationStyle": "custom",
				"app-plus": {
					"bounce": "none"
				}
			}
		},
		{
			"path": "pages/my/settings/about", // 关于我们
			"style": {
				// 取消默认的原生导航栏
				"navigationStyle": "custom",
				"app-plus": {
					"bounce": "none"
				}
			}
		},
		{
			"path": "pages/my/settings/agreement", // 用户协议与隐私政策
			"style": {
				// 取消默认的原生导航栏
				"navigationStyle": "custom",
				"app-plus": {
					"bounce": "none"
				}
			}
		},
		{
			"path": "pages/my/settings/applyCancellation", // 注销账户
			"style": {
				// 取消默认的原生导航栏
				"navigationStyle": "custom",
				"app-plus": {
					"bounce": "none"
				}
			}
		},
		{
			"path": "pages/my/buyGiftBag/index", // 购买元宝
			"style": {
				// 取消默认的原生导航栏
				"navigationStyle": "custom",
				"app-plus": {
					"bounce": "none"
				}
			}
		},
		{
			"path": "pages/my/buyGiftBag/detail", // 商品详情
			"style": {
				// 取消默认的原生导航栏
				"navigationStyle": "custom",
				"app-plus": {
					"bounce": "none"
				}
			}
		},
		{
			"path": "pages/my/detail/amountDetail", // 余额明细
			"style": {
				// 取消默认的原生导航栏
				"navigationStyle": "custom",
				"app-plus": {
					"bounce": "none"
				}
			}
		},
		{
			"path": "pages/my/detail/earnvalDetail", // 经验值明细
			"style": {
				// 取消默认的原生导航栏
				"navigationStyle": "custom",
				"app-plus": {
					"bounce": "none"
				}
			}
		},
		{
			"path": "pages/my/detail/ingotDetail", // 元宝明细
			"style": {
				// 取消默认的原生导航栏
				"navigationStyle": "custom",
				"app-plus": {
					"bounce": "none"
				}
			}
		},
		{
			"path": "pages/my/detail/badgeDetail", // 钻石明细
			"style": {
				// 取消默认的原生导航栏
				"navigationStyle": "custom",
				"app-plus": {
					"bounce": "none"
				}
			}
		},
		{
			"path": "pages/recreation/index1",  //星级福利
			"style": {
				// 取消默认的原生导航栏
				"navigationStyle": "custom",
				"app-plus": {
					"bounce": "none"
				}
			}
		},
		{
			"path": "pages/recreation/exchangeRecords",  //星级福利-兑换记录
			"style": {
				// 取消默认的原生导航栏
				"navigationStyle": "custom",
				"app-plus": {
					"bounce": "none"
				}
			}
		},
		{
			"path": "pages/recreation/rule",  //星级福利-规则
			"style": {
				// 取消默认的原生导航栏
				"navigationStyle": "custom",
				"app-plus": {
					"bounce": "none"
				}
			}
		},
		{
			"path": "pages/recreation/earnval",  //星级福利-经验值
			"style": {
				"navigationBarTitleText": "星级奖励",
				"backgroundColor": "#000",
				"app-plus": {
					"background": "#333"
				}
			}
		},
		{
			"path": "pages/recreation/levelRights",  //等级权益
			"style": {
				// 取消默认的原生导航栏
				"navigationStyle": "custom",
				"app-plus": {
					"bounce": "none"
				}
			}
		},
		{
			"path": "pages/index/inviteDetail",  //我的邀请
			"style": {
				// 取消默认的原生导航栏
				"navigationStyle": "custom",
				"app-plus": {
					"bounce": "none"
				}
			}
		},
		{
			"path": "pages/index/captureTreasure/index", //疯狂夺宝
			"style": {
				// 取消默认的原生导航栏
				"navigationStyle": "custom",
				"app-plus": {
					"bounce": "none"
				}
			}
		},
		{
			"path": "pages/my/withdrawDeposit/withdrawRecord",  //提现记录
			"style": {
				// 取消默认的原生导航栏
				"navigationStyle": "custom",
				"app-plus": {
					"bounce": "none"
				}
			}
		},
		{
			"path": "pages/index/captureTreasure/treasureRule", //夺宝规则
			"style": {
				// 取消默认的原生导航栏
				"navigationStyle": "custom",
				"app-plus": {
					"bounce": "none"
				}
			}
		},
		{
			"path": "pages/index/captureTreasure/treasureDetail",  //宝物详情
			"style": {
				// 取消默认的原生导航栏
				"navigationStyle": "custom",
				"app-plus": {
					"bounce": "none"
				}
			}
		},
		{
			"path": "pages/index/captureTreasure/myTreasure", //我的夺宝
			"style": {
				// 取消默认的原生导航栏
				"navigationStyle": "custom",
				"app-plus": {
					"bounce": "none"
				}
			}
		},
		{
			"path": "pages/index/captureTreasure/yuanbaoNum", //元宝拍号
			"style": {
				// 取消默认的原生导航栏
				"navigationStyle": "custom",
				"app-plus": {
					"bounce": "none"
				}
			}
		},
		{
			"path": "pages/demoGame/test/demo_list", //测试页面
			"style": {
				// 取消默认的原生导航栏
				"navigationStyle": "custom",
				"app-plus": {
					"bounce": "none"
				}
			}
		},
		{
			"path": "pages/demoGame/test/test_gameDetail", //测试页面
			"style": {
				// 取消默认的原生导航栏
				"navigationStyle": "custom",
				"app-plus": {
					"bounce": "none"
				}
			}
		},
		{
			"path": "pages/view/login/setPwd",  //首次手机号登陆设置密码页面
			"style": {
				// 取消默认的原生导航栏
				"navigationStyle": "custom",
				"app-plus": {
					"bounce": "none"
				}
			}
		},
		{
			"path": "pages/my/blindBox/index",  //盲盒页面
			"style": {
				// 取消默认的原生导航栏
				"navigationStyle": "custom",
				"app-plus": {
					"bounce": "none"
				}
			}
		},
		{
			"path": "pages/my/blindBox/blindBoxRecord",  //盲盒记录页面
			"style": {
				// 取消默认的原生导航栏
				"navigationStyle": "custom",
				"app-plus": {
					"bounce": "none"
				}
			}
		},
		{
			"path": "pages/mall/draw/myDraw", //我的抽奖
			"style": {
				// 取消默认的原生导航栏
				"navigationStyle": "custom",
				"app-plus": {
					"bounce": "none"
				}
			}
		},
		{
			"path": "pages/mall/draw/drawGoods",  //夺宝商品详情
			"style": {
				// 取消默认的原生导航栏
				"navigationStyle": "custom",
				"app-plus": {
					"bounce": "none"
				}
			}
		},
		{
			"path": "pages/index/captureTreasure/advancedIndex",  //高级夺宝
			"style": {
				// 取消默认的原生导航栏
				"navigationStyle": "custom",
				"app-plus": {
					"bounce": "none"
				}
			}
		},
		{
			"path": "pages/index/captureTreasure/happyIndex", //快乐夺宝
			"style": {
				// 取消默认的原生导航栏
				"navigationStyle": "custom",
				"app-plus": {
					"bounce": "none"
				}
			}
		},
		{
			"path": "pages/index/makeMoneyCheats",  //赚钱秘籍
			"style": {
				// 取消默认的原生导航栏
				"navigationStyle": "custom",
				"app-plus": {
					"bounce": "none"
				}
			}
		},
		{
			"path": "pages/my/withdrawDeposit/withdrawCard",  //可用优惠券
			"style": {
				// 取消默认的原生导航栏
				"navigationStyle": "custom",
				"app-plus": {
					"bounce": "none"
				}
			}
		},
		{
			"path": "pages/my/withdrawDeposit/invalidRedcard", //不可用优惠券
			"style": {
				// 取消默认的原生导航栏
				"navigationStyle": "custom",
				"app-plus": {
					"bounce": "none"
				}
			}
		}
		
  ],
	"tabBar": {
		"borderStyle": "black",
		"color": "#8a8a8a",
		"selectedColor": "#ff5927",
		"backgroundColor": "#ffffff",
		"height": "50px",
		"list": [{
				"pagePath": "pages/index/index",
				"iconPath": "static/images/tabbar/index1.png",
				"selectedIconPath": "static/images/tabbar/index2.gif",
				"text": "首页"
			},
			{
				"pagePath": "pages/demoGame/index",
				"iconPath": "static/images/tabbar/jiaoyi1.png",
				"selectedIconPath": "static/images/tabbar/jiaoyi2.gif",
				"text": "赚钱"
			},
			{
				"pagePath": "pages/mall/index",
				"iconPath": "static/images/tabbar/guanli1.png",
				"selectedIconPath": "static/images/tabbar/guanli2.gif",
				"text": "娱乐"
			},
			{
				"pagePath": "pages/recreation/index1",
				"iconPath": "static/images/tabbar/video.png",
				"selectedIconPath": "static/images/tabbar/video.gif",
				"text": "福利"
			},
			{
				"pagePath": "pages/my/index",
				"iconPath": "static/images/tabbar/wode1.png",
				"selectedIconPath": "static/images/tabbar/wode2.gif",
				"text": "我的"
			}
		]
	},
	"globalStyle": {
		"navigationBarTextStyle": "black",
		"navigationBarTitleText": "uni-app",
		"navigationBarBackgroundColor": "#F8F8F8",
		"backgroundColor": "#F8F8F8",
		"app-plus": {
			"scrollIndicator": "none"//隐藏所有页面滚动条
		}
	},
	"uniIdRouter": {}
}
