{
	"pages": [{ // cc 首页
		"path": "pages/index/index",
		"style": {
			"navigationStyle": "custom"
		}
	}, { // cc 首页专题详情
		"path": "pages/index/children/specialDetail",
		"style": {
			"navigationStyle": "custom"
		}
	}, { // cc 游戏大厅
		"path": "pages/gameList/index",
		"style": {
			"navigationStyle": "custom"
		}
	}, { // cc 游戏详情页
		"path": "pages/view/gameDetail/gameDetail",
		"style": {
			"navigationStyle": "custom"
		}
	}, { // cc 游戏详情页优惠券信息
		"path": "pages/view/gameDetail/children/coupon",
		"style": {
			"navigationStyle": "custom"
		}
	}, { // cc 游戏详情页福利页面
		"path": "pages/view/gameDetail/children/welfare/index",
		"style": {
			"navigationStyle": "custom"
		}
	}, { // cc 游戏详情页资讯攻略
		"path": "pages/view/gameDetail/children/information",
		"style": {
			"navigationStyle": "custom"
		}
	}, { // cc 游戏详情页游戏简介
		"path": "pages/view/gameDetail/children/introduce",
		"style": {
			"navigationStyle": "custom"
		}
	}, { // cc 游戏详情页评论页
		"path": "pages/view/gameDetail/children/evaluate",
		"style": {
			"navigationStyle": "custom"
		}
	}, { // cc 游戏详情页评论详情页
		"path": "pages/view/gameDetail/children/commentDetail",
		"style": {
			"navigationStyle": "custom"
		}
	}, { // cc 搜索页面
		"path": "pages/view/search/search",
		"style": {
			"navigationStyle": "custom"
		}
	}, {
		"path": "pages/getMoney/index",
		"style": {
			"navigationStyle": "custom",
			"enablePullDownRefresh": true
		}
	}, {
		"path": "pages/getMoney/taskCenter/signRule",
		"style": {
			"navigationStyle": "custom"
		}
	},{
		"path": "pages/my/integral/integral",
		"style": {
			"navigationStyle": "custom"
		}
	},{
		"path": "pages/my/index",
		"style": {
			"navigationStyle": "custom"
		}
	},{
		"path": "pages/my/children/couponsCore/index",
		"style": {
			"navigationStyle": "custom"
		}
	},{
		"path": "pages/my/children/pointMall/index",
		"style": {
			"navigationStyle": "custom"
		}
	},{
		"path": "pages/my/children/share/index",
		"style": {
			"navigationStyle": "custom"
		}
	},{
		"path": "pages/my/children/withdrawalRecord/index",
		"style": {
			"navigationStyle": "custom"
		}
	},{
		"path": "pages/my/myMessage/index",
		"style": {
			"navigationStyle": "custom"
		}
	},{
		"path": "pages/my/myMessage/children/officialMess",
		"style": {
			"navigationStyle": "custom"
		}
	},{
		"path": "pages/my/myMessage/children/activeMessage",
		"style": {
			"navigationStyle": "custom"
		}
	},{
		"path": "pages/my/myMessage/children/customerNotice",
		"style": {
			"navigationStyle": "custom"
		}
	},{
		"path": "pages/customerService/children/problem",
		"style": {
			"navigationStyle": "custom"
		}
	},{
		"path": "pages/my/children/login",
		"style": {
			"navigationStyle": "custom"
		}
	},{
		"path": "pages/my/children/forgetPwd",
			"style": {
				"bounce": "none", //关闭窗口回弹效果
				"titleNView": {
					"backgroundColor": "#fff",
					"titleColor": "#1C1C1C",
					"titleAlign": "left",
					"titleText": ""
				}
			}
	},{
		"path": "pages/my/FlatGoldCoins/FlatGoldCoins",
		"style": {
			"navigationStyle": "custom"
		}
	},{
		"path": "pages/my/FlatGoldCoins/topUp/topUp",
		"style": {
			"navigationStyle": "custom"
		}
	},{
		"path": "pages/my/FlatGoldCoins/record/record",
		"style": {
			"navigationStyle": "custom"
		}
	},{
		"path": "pages/my/coupons/coupons",
		"style": {
			"navigationStyle": "custom"
		}
	},{
		"path": "pages/my/integral/index",
		"style": {
			"navigationStyle": "custom"
		}
	},{
		"path": "pages/my/integral/dhptb",
		"style": {
			"navigationStyle": "custom"
		}
	},{
		"path": "pages/customerService/index",
		"style": {
			"navigationStyle": "custom"
		}
	},{
		"path" : "pages/my/comprehensive/feedback/feedback",
		"style" :{
			"navigationStyle": "custom"
		}
	},{
		"path": "pages/customerService/children/rechargeRebate/index",
		"style": {
			"navigationStyle": "custom"
		}
	},{
		"path": "pages/customerService/children/rechargeRebate/children/applicatRecord",
		"style": {
			"navigationStyle": "custom"
		}
	},{
		"path": "pages/customerService/children/rechargeRebate/children/applicationform",
		"style": {
			"navigationStyle": "custom"
		}
	},{
		"path": "pages/customerService/children/rechargeRebate/children/guide",
		"style": {
			"navigationStyle": "custom"
		}
	},{
		"path": "pages/my/comprehensive/gameGiftBag/gameGiftBag",
		"style": {
			"navigationStyle": "custom"
		}
	},{
		"path": "pages/my/comprehensive/gameConsulting/gameConsulting",
		"style": {
			"navigationStyle": "custom"
		}
	},{
		"path": "pages/my/comprehensive/gameConsulting/gameNewsDetail",
		"style": {
			"navigationStyle": "custom"
		}
	},{
		"path": "pages/my/serverList/serverList",
		"style": {
			"navigationStyle": "custom"
		}
	},{
		"path" : "pages/my/rankList/rankList",
		"style": {
			"navigationStyle": "custom"
		}
	},{
		"path": "pages/transaction/index",
		"style": {
			"navigationStyle": "custom"
		}
	},{
		"path" : "pages/transaction/children/sellingnumber/addGame/addGame",
		"style": {
			"navigationStyle": "custom"
		}
	},{
		"path": "pages/my/myAdministration/index",
		"style": {
			"navigationStyle": "custom"
		}
	},{
		"path": "pages/my/myAdministration/children/bindingMobile",
		"style": {
			"navigationStyle": "custom"
		}
	},{
		"path": "pages/my/myAdministration/children/changePassword",
		"style": {
			"navigationStyle": "custom"
		}
	},{
		"path": "pages/my/myAdministration/children/changeRealname",
		"style": {
			"navigationStyle": "custom"
		}
	},{
		"path": "pages/view/h5Play/index",
		"style": {
			"navigationStyle": "custom"
		}
	},{
		"path": "pages/my/children/agreement/index",
		"style": {
			"navigationStyle": "custom",
			"app-plus": {
				"bounce": "none", //关闭窗口回弹效果
				"softinputNavBar": "none",
				"titleNView": {
					"backgroundColor": "#fff",
					"titleColor": "#1C1C1C",
					"titleAlign": "left",
					"fontWeight": 900,
					"titleText": "用户协议"
				}
			}
		}
	}],
	"tabBar": {
		"borderStyle": "black",
		"color": "#8a8a8a",
		"selectedColor": "#ff5927",
		"backgroundColor": "#ffffff",
		"height": "50px",
		"list": [{
				"pagePath": "pages/index/index",
				"iconPath": "static/images/tabbar/index1.png",
				"selectedIconPath": "static/images/tabbar/index2.gif",
				"text": "首页"
			},
			{
				"pagePath": "pages/gameList/index",
				"iconPath": "static/images/tabbar/guanli1.png",
				"selectedIconPath": "static/images/tabbar/guanli2.gif",
				"text": "大厅"
			},
			// {
			// 	"pagePath": "pages/talkAbout/index",
			// 	"iconPath": "static/images/tabbar/video.png",
			// 	"selectedIconPath": "static/images/tabbar/video.gif",
			// 	"text": "视频"
			// },
			{
				"pagePath": "pages/getMoney/index",
				"iconPath": "static/images/tabbar/jiaoyi1.png",
				"selectedIconPath": "static/images/tabbar/jiaoyi2.gif",
				"text": "玩赚"
			},
			{
				"pagePath": "pages/my/index",
				"iconPath": "static/images/tabbar/wode1.png",
				"selectedIconPath": "static/images/tabbar/wode2.gif",
				"text": "我的"
			}
		]
	},
	"globalStyle": {
		"navigationBarTextStyle": "white",
		"navigationBarTitleText": "uni-app",
		"navigationBarBackgroundColor": "#ffffff",
		"backgroundColor": "#FFFFFF"
	}
}
