{
	// 这里放置页面路由
	"pages": [
		{
			"path": "pages/game/index",
			// 用于设置每个页面的状态栏、导航条、标题、窗口背景色等。
			"style": {
				// 取消默认的原生导航栏
				"navigationStyle": "custom"
			}
		},
		{
			"path": "pages/info/index",
			"style": {
				// 取消默认的原生导航栏
				"navigationStyle": "custom"
			}
		}, {
			"path": "pages/transaction/index",
			"style": {
				// 取消默认的原生导航栏
				// "navigationStyle": "custom"
				"app-plus": {
					"titleNView": {
						"backgroundColor": "#ff8500",
						"titleColor": "#fff",
						"titleText": "角色交易"
					}
				}
			}
		}, {
			"path": "pages/service/index",
			"style": {
				// 取消默认的原生导航栏
				"navigationStyle": "custom"
			}
		}, {
			"path": "pages/my/index",
			"style": {
				// 取消默认的原生导航栏
				"navigationStyle": "custom"
			}
		},
		// 登录
		{
			"path": "pages/views/login/index",
			"style": {
				"app-plus": {
					"titleNView": {
						"backgroundColor": "#ff8500",
						"titleColor": "#fff",
						"titleText": "账号登录",
						"buttons": [{
							"text": "注册",
							"fontSize": "14"
						}]
					}
				}
			}
		},
		// 注册
		{
			"path": "pages/views/register/index",
			"style": {
				"app-plus": {
					"titleNView": {
						"backgroundColor": "#ff8500",
						"titleColor": "#fff",
						"titleText": "注册账号"
					}
				}
			}
    },
    {
			"path": "pages/views/registerShare/index",
			"style": {
				"app-plus": {
					"titleNView": {
						"backgroundColor": "#ff8500",
						"titleColor": "#fff",
						"titleText": "注册账号"
					}
				}
			}
		},
		// 忘记密码
		{
			"path": "pages/views/forgetPwd/index",
			"style": {
				"app-plus": {
					"titleNView": {
						"backgroundColor": "#ff8500",
						"titleColor": "#fff",
						"titleText": "找回密码"
					}
				}
			}
		},
		// 账户管理
		{
			"path": "pages/my/children/myAccount/index",
			"style": {
				"app-plus": {
					"titleNView": {
						"backgroundColor": "#ff8500",
						"titleColor": "#fff",
						"titleText": "账户管理",
						"buttons": [{
							"text": "退出",
							"fontSize": "14"
						}]
					}
				}
			}
		},
		// 我的钱包
		{
			"path": "pages/my/children/myWallet/index",
			"style": {
				"app-plus": {
					"titleNView": {
						"backgroundColor": "#ff8500",
						"titleColor": "#fff",
						"titleText": "我的钱包"
					}
				}
			}
		},
		// 我的礼包
		{
			"path": "pages/my/children/myGift/index",
			"style": {
				"app-plus": {
					"titleNView": {
						"backgroundColor": "#ff8500",
						"titleColor": "#fff",
						"titleText": "我的礼包"
					}
				}
			}
		},
		// 我的积分
		{
			"path": "pages/my/children/myIntegral/index",
			"style": {
				"app-plus": {
					"titleNView": {
						"backgroundColor": "#ff8500",
						"titleColor": "#fff",
						"titleText": "我的积分"
					}
				}
			}
		},
		// 消息中心
		{
			"path": "pages/my/children/myNews/index",
			"style": {
				"app-plus": {
					"titleNView": {
						"backgroundColor": "#ff8500",
						"titleColor": "#fff",
						"titleText": "消息中心"
					}
				}
			}
		},
		// 任务中心
		{
			"path": "pages/my/children/myTask/index",
			"style": {
				"app-plus": {
					"titleNView": {
						"backgroundColor": "#ff8500",
						"titleColor": "#fff",
						"titleText": "任务中心"
					}
				}
			}
		},
		// 我的游戏
		{
			"path": "pages/my/children/myGame/index",
			"style": {
				"app-plus": {
					"titleNView": {
						"backgroundColor": "#ff8500",
						"titleColor": "#fff",
						"titleText": "我的游戏"
					}
				}
			}
		},
		// 客服中心
		{
			"path": "pages/my/children/myService/index",
			"style": {
				"app-plus": {
					"titleNView": {
						"backgroundColor": "#ff8500"
					}
				}
			}
		},
		// 修改手机号
		{
			"path": "pages/my/children/changeMobile/index",
			"style": {
				"app-plus": {
					"titleNView": {
						"backgroundColor": "#ff8500",
						"titleColor": "#fff",
						"titleText": "绑定手机号"
					}
				}
			}
		},
		// 修改密码
		{
			"path": "pages/my/children/changePassword/index",
			"style": {
				"app-plus": {
					"titleNView": {
						"backgroundColor": "#ff8500",
						"titleColor": "#fff",
						"titleText": "修改密码"
					}
				}
			}
		},
		// 实名认证
		{
			"path": "pages/my/children/changeRealname/index",
			"style": {
				"app-plus": {
					"titleNView": {
						"backgroundColor": "#ff8500",
						"titleColor": "#fff",
						"titleText": "实名认证"
					}
				}
			}
		},
		// 意见反馈
		{
			"path": "pages/my/children/submitFeedback/index",
			"style": {
				"app-plus": {
					"titleNView": {
						"backgroundColor": "#ff8500",
						"titleColor": "#fff",
						"titleText": "意见反馈"
					}
				}
			}
		},
		// 平台币记录
		{
			"path": "pages/my/children/platformRecord/index",
			"style": {
				"app-plus": {
					"titleNView": {
						"backgroundColor": "#ff8500",
						"titleColor": "#fff",
						"titleText": "平台币记录"
					}
				}
			}
		},
		// 积分记录
		{
			"path": "pages/my/children/integralRecord/index",
			"style": {
				"app-plus": {
					"titleNView": {
						"backgroundColor": "#ff8500",
						"titleColor": "#fff",
						"titleText": "积分记录"
					}
				}
			}
		},
		// 积分兑换详情页面
		{
			"path": "pages/my/children/exchangeDetail/index",
			"style": {
				"app-plus": {
					"titleNView": {
						"backgroundColor": "#ff8500",
						"titleColor": "#fff",
						"titleText": "兑换详情"
					}
				}
			}
		},
		// 消息列表
		{
			"path": "pages/my/children/newsList/index",
			"style": {
				"app-plus": {
					"titleNView": {
						"backgroundColor": "#ff8500",
						"titleColor": "#fff",
						"titleText": "消息列表"
					}
				}
			}
		},
		// 充值页面
		{
			"path": "pages/my/children/rechange/index",
			"style": {
				"app-plus": {
					"titleNView": {
						"backgroundColor": "#ff8500",
						"titleColor": "#fff",
						"titleText": "充值"
					}
				}
			}
		},
		// 兑换平台币页面
		{
			"path": "pages/my/children/exchangePlatform/index",
			"style": {
				"app-plus": {
					"titleNView": {
						"backgroundColor": "#ff8500",
						"titleColor": "#fff",
						"titleText": "兑换平台币"
					}
				}
			}
		},
		// 游戏详情
		{
			"path": "pages/views/gameDetail/index",
			"style": {
				"navigationStyle": "custom"
			}
		},
		// 礼包详情
		{
			"path": "pages/views/giftDetail/index",
			"style": {
				"app-plus": {
					"titleNView": {
						"backgroundColor": "#ff8500",
						"titleColor": "#fff",
						"titleText": "礼包详情"
					}
				}
			}
		},
		// 资讯列表
		{
			"path": "pages/views/information/index",
			"style": {
				"app-plus": {
					"titleNView": {
						"backgroundColor": "#ff8500",
						"titleColor": "#fff",
						"titleText": "资讯"
					}
				}
			}
		},
		// 资讯详情
		{
			"path": "pages/views/infoDetail/index",
			"style": {
				"app-plus": {
					"titleNView": {
						"backgroundColor": "#ff8500",
						"titleColor": "#fff",
						"titleText": "资讯详情"
					}
				}
			}
		},
		// 搜索页面
		{
			"path": "pages/views/search/index",
			"style": {
				// 取消默认的原生导航栏
				"navigationStyle": "custom"
			}
		},
		// 精选
		{
			"path": "pages/info/children/selete/index",
			"style": {
				// 取消默认的原生导航栏
				"navigationStyle": "custom"
			}
		},
		// 专题列表
		{
			"path": "pages/game/children/gameTopic/index",
			"style": {
				// 取消默认的原生导航栏
				"navigationStyle": "custom"
			}
		},
		// 活动详情
		{
			"path": "pages/my/children/activeDetail/index",
			"style": {
				"app-plus": {
					"titleNView": {
						"backgroundColor": "#ff8500",
						"titleColor": "#fff",
						"titleText": "活动详情"
					}
				}
			}
		},
		// 交易须知
		{
			"path": "pages/transaction/children/buyNumber/children/instruction/index",
			"style": {
				"app-plus": {
					"titleNView": {
						"backgroundColor": "#ff8500",
						"titleColor": "#fff",
						"titleText": "交易须知"
					}
				}
			}
		},
		// 商品详情
		{
			"path": "pages/views/commodityDetail/index",
			"style": {
				"app-plus": {
					"titleNView": {
						"backgroundColor": "#ff8500",
						"titleColor": "#fff",
						"titleText": "商品详情"
					}
				}
			}
		},
		// 添加游戏
		{
			"path": "pages/transaction/children/sellNumber/children/addGame/index",
			"style": {
				"app-plus": {
					"titleNView": {
						"backgroundColor": "#ff8500",
						"titleColor": "#fff",
						"titleText": "选择游戏"
					}
				}
			}
		},
		// 支付方式
		{
			"path": "pages/views/payMethods/index",
			"style": {
				"app-plus": {
					"titleNView": {
						"backgroundColor": "#ff8500",
						"titleColor": "#fff",
						"titleText": "支付方式"
					}
				}
			}
		},
		// h5游戏开玩
		{
			"path": "pages/views/h5Play/index",
			"style": {
				// 取消默认的原生导航栏
				"navigationStyle": "custom"
			}
    },
    // 分享注册
		{
			"path": "pages/views/share/index",
			"style": {
				// 取消默认的原生导航栏
				"navigationStyle": "custom"
			}
		},
		{
			"path" : "pages/my/children/myVip/index",
			"style" : {
					"navigationStyle": "custom"
			}
		}
		// 幸运大转盘
		// {
		// 	"path": "pages/my/children/bigTurntable/index",
		// 	"style": {
		// 		// 取消默认的原生导航栏
		// 		"navigationStyle": "custom",
		// 		"app-plus": {
		// 			"bounce": "none" //关闭窗口回弹效果
		// 		}
		// 	}
		// }
    ],

	// 用于设置应用的状态栏、导航条、标题、窗口背景色等。
	"globalStyle": {
		// 导航栏背景颜色（同状态栏背景色）
		"navigationBarBackgroundColor": "#ff8500",
		// 导航栏标题颜色及状态栏前景颜色，仅支持 black/white
		"navigationBarTextStyle": "white",
		// 导航栏标题文字内容
		// "navigationBarTitleText": "uni-app",
		"backgroundColor": "#FFFFFF",
		
		"rpxCalcMaxDeviceWidth": 960, // rpx 计算所支持的最大设备宽度，单位 px，默认值为 960
		"rpxCalcBaseDeviceWidth": 375, // rpx 计算使用的基准设备宽度，设备实际宽度超出 rpx 计算所支持的最大设备宽度时将按基准宽度计算，单位 px，默认值为 375
		"rpxCalcIncludeWidth": 750 // rpx 计算特殊处理的值，始终按实际的设备宽度计算，单位 rpx，默认值为 750
	},

	// 这里设置底部分页导航
	"tabBar": {
		"color": "#7A7E83",
		"selectedColor": "#ff8500",
		"borderStyle": "black",
		"backgroundColor": "#fff",
		"height": "80px",
		"fontSize": "10px",
		"iconWidth": "24px",
		"spacing": "3px",
		"list": [{
				"pagePath": "pages/game/index",
				"iconPath": "static/image/home.png",
				"selectedIconPath": "static/image/home_active.png",
				"text": "精选"
			},
			{
				"pagePath": "pages/info/index",
				"iconPath": "static/image/game.png",
				"selectedIconPath": "static/image/game_active.png",
				"text": "游戏"
			},
			{
				"pagePath": "pages/service/index",
				"iconPath": "static/image/service.png",
				"selectedIconPath": "static/image/service_active.png",
				"text": "开服"
			}, {
				"pagePath": "pages/my/index",
				"iconPath": "static/image/my.png",
				"selectedIconPath": "static/image/my_active.png",
				"text": "我的"
			}
		]
	},

	// easycom组件模式是自动开启的，只要组件安装在项目的components目录下，并符合components/组件名称/组件名称.vue目录结构。就可以不用引用、注册，直接在页面中使用。
	"easycom": {
		"^u-(.*)": "@/uview-ui/components/u-$1/u-$1.vue"
	},
	"condition": { //模式配置，仅开发期间生效
		"current": 0, //当前激活的模式(list 的索引项)
		"list": [{
			"name": "", //模式名称
			"path": "", //启动页面，必选
			"query": "" //启动参数，在页面的onLoad函数里面得到
		}]
	}
}
